{
  "SnapshotInformation": {
    "BuildIdentifier": "132853",
    "BuildDisplayIdentifier": "PowerShellGet-Package Signing_2004.22003",
    "SourceIdentifier": "ea6a59f2350b5da215de67ff60afbaceb71d9b2f",
    "SourceDisplayIdentifier": "ea6a59f2",
    "ComponentDetectors": [
      {
        "DetectorId": "CgManifest",
        "SupportedComponentTypes": [
          1,
          2,
          3,
          4,
          6,
          7,
          5,
          8,
          10,
          11,
          12
        ],
        "Version": 2
      },
      {
        "DetectorId": "CorextCG",
        "SupportedComponentTypes": [
          1
        ],
        "Version": 2
      },
      {
        "DetectorId": "DockerCompose",
        "SupportedComponentTypes": [],
        "Version": 1
      },
      {
        "DetectorId": "Dockerfile",
        "SupportedComponentTypes": [],
        "Version": 1
      },
      {
        "DetectorId": "DockerScan",
        "SupportedComponentTypes": [],
        "Version": 1
      },
      {
        "DetectorId": "Go",
        "SupportedComponentTypes": [
          10
        ],
        "Version": 1
      },
      {
        "DetectorId": "Gradle",
        "SupportedComponentTypes": [
          3
        ],
        "Version": 1
      },
      {
        "DetectorId": "Maven",
        "SupportedComponentTypes": [
          3
        ],
        "Version": 2
      },
      {
        "DetectorId": "MvnCli",
        "SupportedComponentTypes": [
          3
        ],
        "Version": 2
      },
      {
        "DetectorId": "Npm",
        "SupportedComponentTypes": [
          2
        ],
        "Version": 2
      },
      {
        "DetectorId": "NpmWithRoots",
        "SupportedComponentTypes": [
          2
        ],
        "Version": 2
      },
      {
        "DetectorId": "NuGet",
        "SupportedComponentTypes": [
          1
        ],
        "Version": 2
      },
      {
        "DetectorId": "NuGetProjectAssets",
        "SupportedComponentTypes": [
          1
        ],
        "Version": 2
      },
      {
        "DetectorId": "Pip",
        "SupportedComponentTypes": [
          8
        ],
        "Version": 2
      },
      {
        "DetectorId": "Pnpm",
        "SupportedComponentTypes": [
          2
        ],
        "Version": 3
      },
      {
        "DetectorId": "Ruby",
        "SupportedComponentTypes": [
          6
        ],
        "Version": 1
      },
      {
        "DetectorId": "RustCrateDetector",
        "SupportedComponentTypes": [
          7
        ],
        "Version": 2
      },
      {
        "DetectorId": "RustCrateV2Detector",
        "SupportedComponentTypes": [
          7
        ],
        "Version": 1
      },
      {
        "DetectorId": "Yarn",
        "SupportedComponentTypes": [
          2
        ],
        "Version": 2
      }
    ],
    "PullRequestId": null,
    "BuildType": "vsts://ee8504d9-65a6-4f6c-85ed-0ad4265128ee/9b3ca4c9-7ab5-4b97-918d-b719c2534b0a/683/d46bdafb-39a9-561e-f56f-8f45577d0334",
    "BuildDisplayType": "PowerShellGet-Package Signing",
    "BuildDisplayTypeIsAmbiguous": false,
    "SourceType": "github://powershell/PowerShellGetv2/master",
    "SourceDisplayType": "master",
    "IsTracked": false,
    "PhaseDisplayName": "Package Signing"
  },
  "GovernedRepositoryNameOrId": null,
  "ProductNameOrId": null
}