{
  "runtimeOptions": {
    "tfm": "netcoreapp3.1",
    "includedFrameworks": [
      {
        "name": "Microsoft.NETCore.App",
        "version": "3.1.6"
      },
      {
        "name": "Microsoft.WindowsDesktop.App",
        "version": "3.1.6"
      }
    ],
    "rollForwardOnNoCandidateFx": 2,
    "configProperties": {
      "System.Runtime.TieredCompilation": true,
      "System.Runtime.TieredCompilation.QuickJit": true,
      "System.Runtime.TieredCompilation.QuickJitForLoops": true
    }
  }
}